{
  "Camera": {
    "Position": {
      "x": 0,
      "y": 5,
      "z": -20
    },
    "Focus": {
      "x": 0,
      "y": 5,
      "z": 0
    }
  },
  "Cannon": {
    "Pitch": {
      "MinDegrees": 0,
      "MaxDegrees": 78
    },
    "Yaw": {
      "MinDegrees": -45,
      "MaxDegrees": 45
    }
  },
  "Projectiles": {
    "Bullet": {
      "Size": 1,
      "Damping": 0.75,
      "Mass": 10,
      "MuzzleVelocity": 50,
      "TimeLimit": -1,
      "DistanceLimit": -1,
      "Colour" : {
	"r": 1,
	"g": 1
	}
    },
    "Laser": {
      "Size": 1,
      "Damping": 1,
      "Mass": 0.01,
      "MuzzleVelocity": 100,
      "TimeLimit": -1,
      "DistanceLimit": 200,
      "Colour" : {
	"g": 1
	}
    },
    "CannonBall": {
      "Size": 2,
      "Damping": 0.5,
      "Mass": 100,
      "MuzzleVelocity": 25,
      "TimeLimit": -1,
      "DistanceLimit": -1,
      "Colour" : {
	"r": 1
	}
    },
    "EnergyBall": {
      "Size": 2,
      "MuzzleVelocity": 5,
      "TimeLimit": 250,
      "DistanceLimit": 250,
      "Accelerate": true,
      "ApplyGravity" : false,
      "Colour" : {
	"g": 1,
	"b": 1
	}
    }
  }
}